,1070,2051,2052,2053
0,15.5,12.73,12.75,12.6
1,15.5,12.73,12.75,12.6
2,15.5,12.73,12.75,12.6
3,15.5,12.73,12.75,12.6
4,15.5,12.73,12.75,12.6
5,15.5,12.73,12.75,12.6
6,15.5,12.73,12.75,12.6
7,15.5,12.73,12.75,12.6
8,15.5,12.73,12.75,12.6
9,15.5,12.73,12.75,12.6
10,15.5,12.73,12.75,12.6
11,15.5,12.73,12.75,12.6
12,15.5,12.73,12.75,12.6
13,15.5,12.73,12.75,12.6
14,15.5,12.73,12.75,12.6
15,15.5,12.73,12.75,12.6
16,15.5,12.73,12.75,12.6
17,15.5,12.73,12.75,12.6
18,15.5,12.73,12.75,12.6
19,15.5,12.73,12.75,12.6
20,15.5,12.73,12.75,12.6
21,15.5,12.73,12.75,12.6
22,15.5,12.73,12.75,12.6
23,15.5,12.73,12.75,12.6
24,15.5,12.73,12.75,12.6
25,15.5,12.73,12.75,12.6
26,15.5,12.73,12.75,12.6
27,15.5,12.73,12.75,12.6
28,15.5,12.73,12.75,12.6
29,15.5,12.73,12.75,12.6
30,15.5,12.73,12.75,12.6
31,15.5,12.73,12.75,12.6
32,15.5,12.73,12.75,12.6
33,15.5,12.73,12.75,12.6
34,15.5,12.73,12.75,12.6
35,15.5,12.73,12.75,12.6
36,15.5,12.73,12.75,12.6
37,15.5,12.73,12.75,12.6
38,15.5,12.73,12.75,12.6
39,15.5,12.73,12.75,12.6
40,15.5,12.73,12.75,12.6
41,15.5,12.73,12.75,12.6
42,15.5,12.73,12.75,12.6
43,15.5,12.73,12.75,12.6
44,15.5,12.73,12.75,12.6
45,15.5,12.73,12.75,12.6
46,15.5,12.73,12.75,12.6
47,15.5,12.73,12.75,12.6
48,15.5,12.73,12.75,12.6
49,15.5,12.73,12.75,12.6
50,15.5,12.73,12.75,12.6
51,15.5,12.73,12.75,12.6
52,15.5,12.73,12.75,12.6
53,15.5,12.73,12.75,12.6
54,15.5,12.73,12.75,12.6
55,15.5,12.73,12.75,12.6
56,15.5,12.73,12.75,12.6
57,15.5,12.73,12.75,12.6
58,15.5,12.73,12.75,12.6
59,15.5,12.73,12.75,12.6
60,15.5,12.73,12.75,12.6
61,15.5,12.73,12.75,12.6
62,15.5,12.73,12.75,12.6
63,15.5,12.73,12.75,12.6
64,15.5,12.73,12.75,12.6
65,15.5,12.73,12.75,12.6
66,15.5,12.73,12.75,12.6
67,15.5,12.73,12.75,12.6
68,15.5,12.73,12.75,12.6
69,15.5,12.73,12.75,12.6
70,15.5,12.73,12.75,12.6
71,15.5,12.73,12.75,12.6
72,15.5,12.73,12.75,12.6
73,15.5,12.73,12.75,12.6
74,15.5,12.73,12.75,12.6
75,15.5,12.73,12.75,12.6
76,15.5,12.73,12.75,12.6
77,15.5,12.73,12.75,12.6
78,15.5,12.73,12.75,12.6
79,15.5,12.73,12.75,12.6
80,15.5,12.73,12.75,12.6
81,15.5,12.73,12.75,12.6
82,15.5,12.73,12.75,12.6
83,15.5,12.73,12.75,12.6
84,15.5,12.73,12.75,12.6
85,15.5,12.73,12.75,12.6
86,15.5,12.73,12.75,12.6
87,15.5,12.73,12.75,12.6
88,15.5,12.73,12.75,12.6
89,15.5,12.73,12.75,12.6
90,15.5,12.73,12.75,12.6
91,15.5,12.73,12.75,12.6
92,15.5,12.73,12.75,12.6
93,15.5,12.73,12.75,12.6
94,15.5,12.73,12.75,12.6
95,15.5,12.73,12.75,12.6
96,15.5,12.73,12.75,12.6
97,15.5,12.73,12.75,12.6
98,15.5,12.73,12.75,12.6
99,15.5,12.73,12.75,12.6
100,15.5,12.73,12.75,12.6
101,15.5,12.73,12.75,12.6
102,15.5,12.73,12.75,12.6
103,15.5,12.73,12.75,12.6
104,15.5,12.73,12.75,12.6
105,15.5,12.73,12.75,12.6
106,15.5,12.73,12.75,12.6
107,15.5,12.73,12.75,12.6
108,15.5,12.73,12.75,12.6
109,15.5,12.73,12.75,12.6
110,15.5,12.73,12.75,12.6
111,15.5,12.73,12.75,12.6
112,15.5,12.73,12.75,12.6
113,15.5,12.73,12.75,12.6
114,15.5,12.73,12.75,12.6
115,15.5,12.73,12.75,12.6
116,15.5,12.73,12.75,12.6
117,15.5,12.73,12.75,12.6
118,15.5,12.73,12.75,12.6
119,15.5,12.73,12.75,12.6
120,15.0,11.49,11.36,10.47
121,15.0,11.49,11.36,10.47
122,15.0,11.49,11.36,10.47
123,15.0,11.49,11.36,10.47
124,15.0,11.49,11.36,10.47
125,15.0,11.49,11.36,10.47
126,15.0,11.49,11.36,10.47
127,15.0,11.49,11.36,10.47
128,15.0,11.49,11.36,10.47
129,15.0,11.49,11.36,10.47
130,15.0,11.49,11.36,10.47
131,15.0,11.49,11.36,10.47
132,15.0,11.49,11.36,10.47
133,15.0,11.49,11.36,10.47
134,15.0,11.49,11.36,10.47
135,15.0,11.49,11.36,10.47
136,15.0,11.49,11.36,10.47
137,15.0,11.49,11.36,10.47
138,15.0,11.49,11.36,10.47
139,15.0,11.49,11.36,10.47
140,15.0,11.49,11.36,10.47
141,15.0,11.49,11.36,10.47
142,15.0,11.49,11.36,10.47
143,15.0,11.49,11.36,10.47
144,15.0,11.49,11.36,10.47
145,15.0,11.49,11.36,10.47
146,15.0,11.49,11.36,10.47
147,15.0,11.49,11.36,10.47
148,15.0,11.49,11.36,10.47
149,15.0,11.49,11.36,10.47
150,15.0,11.49,11.36,10.47
151,15.0,11.49,11.36,10.47
152,15.0,11.49,11.36,10.47
153,15.0,11.49,11.36,10.47
154,15.0,11.49,11.36,10.47
155,15.0,11.49,11.36,10.47
156,15.0,11.49,11.36,10.47
157,15.0,11.49,11.36,10.47
158,15.0,11.49,11.36,10.47
159,15.0,11.49,11.36,10.47
160,15.0,11.49,11.36,10.47
161,15.0,11.49,11.36,10.47
162,15.0,11.49,11.36,10.47
163,15.0,11.49,11.36,10.47
164,15.0,11.49,11.36,10.47
165,15.0,11.49,11.36,10.47
166,15.0,11.49,11.36,10.47
167,15.0,11.49,11.36,10.47
168,15.0,11.49,11.36,10.47
169,15.0,11.49,11.36,10.47
170,15.0,11.49,11.36,10.47
171,15.0,11.49,11.36,10.47
172,15.0,11.49,11.36,10.47
173,15.0,11.49,11.36,10.47
174,15.0,11.49,11.36,10.47
175,15.0,11.49,11.36,10.47
176,15.0,11.49,11.36,10.47
177,15.0,11.49,11.36,10.47
178,15.0,11.49,11.36,10.47
179,15.0,11.49,11.36,10.47
180,15.0,11.49,11.36,10.47
181,15.0,11.49,11.36,10.47
182,15.0,11.49,11.36,10.47
183,15.0,11.49,11.36,10.47
184,15.0,11.49,11.36,10.47
185,15.0,11.49,11.36,10.47
186,15.0,11.49,11.36,10.47
187,15.0,11.49,11.36,10.47
188,15.0,11.49,11.36,10.47
189,15.0,11.49,11.36,10.47
190,15.0,11.49,11.36,10.47
191,15.0,11.49,11.36,10.47
192,15.0,11.49,11.36,10.47
193,15.0,11.49,11.36,10.47
194,15.0,11.49,11.36,10.47
195,15.0,11.49,11.36,10.47
196,15.0,11.49,11.36,10.47
197,15.0,11.49,11.36,10.47
198,15.0,11.49,11.36,10.47
199,15.0,11.49,11.36,10.47
200,15.0,11.49,11.36,10.47
201,15.0,11.49,11.36,10.47
202,15.0,11.49,11.36,10.47
203,15.0,11.49,11.36,10.47
204,15.0,11.49,11.36,10.47
205,15.0,11.49,11.36,10.47
206,15.0,11.49,11.36,10.47
207,15.0,11.49,11.36,10.47
208,15.0,11.49,11.36,10.47
209,15.0,11.49,11.36,10.47
210,15.0,11.49,11.36,10.47
211,15.0,11.49,11.36,10.47
212,15.0,11.49,11.36,10.47
213,15.0,11.49,11.36,10.47
214,15.0,11.49,11.36,10.47
215,15.0,11.49,11.36,10.47
216,15.0,11.49,11.36,10.47
217,15.0,11.49,11.36,10.47
218,15.0,11.49,11.36,10.47
219,15.0,11.49,11.36,10.47
220,15.0,11.49,11.36,10.47
221,15.0,11.49,11.36,10.47
222,15.0,11.49,11.36,10.47
223,15.0,11.49,11.36,10.47
224,15.0,11.49,11.36,10.47
225,15.0,11.49,11.36,10.47
226,15.0,11.49,11.36,10.47
227,15.0,11.49,11.36,10.47
228,15.0,11.49,11.36,10.47
229,15.0,11.49,11.36,10.47
230,15.0,11.49,11.36,10.47
231,15.0,11.49,11.36,10.47
232,15.0,11.49,11.36,10.47
233,15.0,11.49,11.36,10.47
234,15.0,11.49,11.36,10.47
235,15.0,11.49,11.36,10.47
236,15.0,11.49,11.36,10.47
237,15.0,11.49,11.36,10.47
238,15.0,11.49,11.36,10.47
239,15.0,11.49,11.36,10.47
240,15.0,12.35,12.49,12.42
241,15.0,12.35,12.49,12.42
242,15.0,12.35,12.49,12.42
243,15.0,12.35,12.49,12.42
244,15.0,12.35,12.49,12.42
245,15.0,12.35,12.49,12.42
246,15.0,12.35,12.49,12.42
247,15.0,12.35,12.49,12.42
248,15.0,12.35,12.49,12.42
249,15.0,12.35,12.49,12.42
250,15.0,12.35,12.49,12.42
251,15.0,12.35,12.49,12.42
252,15.0,12.35,12.49,12.42
253,15.0,12.35,12.49,12.42
254,15.0,12.35,12.49,12.42
255,15.0,12.35,12.49,12.42
256,15.0,12.35,12.49,12.42
257,15.0,12.35,12.49,12.42
258,15.0,12.35,12.49,12.42
259,15.0,12.35,12.49,12.42
260,15.0,12.35,12.49,12.42
261,15.0,12.35,12.49,12.42
262,15.0,12.35,12.49,12.42
263,15.0,12.35,12.49,12.42
264,15.0,12.35,12.49,12.42
265,15.0,12.35,12.49,12.42
266,15.0,12.35,12.49,12.42
267,15.0,12.35,12.49,12.42
268,15.0,12.35,12.49,12.42
269,15.0,12.35,12.49,12.42
270,15.0,12.35,12.49,12.42
271,15.0,12.35,12.49,12.42
272,15.0,12.35,12.49,12.42
273,15.0,12.35,12.49,12.42
274,15.0,12.35,12.49,12.42
275,15.0,12.35,12.49,12.42
276,15.0,12.35,12.49,12.42
277,15.0,12.35,12.49,12.42
278,15.0,12.35,12.49,12.42
279,15.0,12.35,12.49,12.42
280,15.0,12.35,12.49,12.42
281,15.0,12.35,12.49,12.42
282,15.0,12.35,12.49,12.42
283,15.0,12.35,12.49,12.42
284,15.0,12.35,12.49,12.42
285,15.0,12.35,12.49,12.42
286,15.0,12.35,12.49,12.42
287,15.0,12.35,12.49,12.42
288,15.0,12.35,12.49,12.42
289,15.0,12.35,12.49,12.42
290,15.0,12.35,12.49,12.42
291,15.0,12.35,12.49,12.42
292,15.0,12.35,12.49,12.42
293,15.0,12.35,12.49,12.42
294,15.0,12.35,12.49,12.42
295,15.0,12.35,12.49,12.42
296,15.0,12.35,12.49,12.42
297,15.0,12.35,12.49,12.42
298,15.0,12.35,12.49,12.42
299,15.0,12.35,12.49,12.42
300,15.0,12.35,12.49,12.42
301,15.0,12.35,12.49,12.42
302,15.0,12.35,12.49,12.42
303,15.0,12.35,12.49,12.42
304,15.0,12.35,12.49,12.42
305,15.0,12.35,12.49,12.42
306,15.0,12.35,12.49,12.42
307,15.0,12.35,12.49,12.42
308,15.0,12.35,12.49,12.42
309,15.0,12.35,12.49,12.42
310,15.0,12.35,12.49,12.42
311,15.0,12.35,12.49,12.42
312,15.0,12.35,12.49,12.42
313,15.0,12.35,12.49,12.42
314,15.0,12.35,12.49,12.42
315,15.0,12.35,12.49,12.42
316,15.0,12.35,12.49,12.42
317,15.0,12.35,12.49,12.42
318,15.0,12.35,12.49,12.42
319,15.0,12.35,12.49,12.42
320,15.0,12.35,12.49,12.42
321,15.0,12.35,12.49,12.42
322,15.0,12.35,12.49,12.42
323,15.0,12.35,12.49,12.42
324,15.0,12.35,12.49,12.42
325,15.0,12.35,12.49,12.42
326,15.0,12.35,12.49,12.42
327,15.0,12.35,12.49,12.42
328,15.0,12.35,12.49,12.42
329,15.0,12.35,12.49,12.42
330,15.0,12.35,12.49,12.42
331,15.0,12.35,12.49,12.42
332,15.0,12.35,12.49,12.42
333,15.0,12.35,12.49,12.42
334,15.0,12.35,12.49,12.42
335,15.0,12.35,12.49,12.42
336,15.0,12.35,12.49,12.42
337,15.0,12.35,12.49,12.42
338,15.0,12.35,12.49,12.42
339,15.0,12.35,12.49,12.42
340,15.0,12.35,12.49,12.42
341,15.0,12.35,12.49,12.42
342,15.0,12.35,12.49,12.42
343,15.0,12.35,12.49,12.42
344,15.0,12.35,12.49,12.42
345,15.0,12.35,12.49,12.42
346,15.0,12.35,12.49,12.42
347,15.0,12.35,12.49,12.42
348,15.0,12.35,12.49,12.42
349,15.0,12.35,12.49,12.42
350,15.0,12.35,12.49,12.42
351,15.0,12.35,12.49,12.42
352,15.0,12.35,12.49,12.42
353,15.0,12.35,12.49,12.42
354,15.0,12.35,12.49,12.42
355,15.0,12.35,12.49,12.42
356,15.0,12.35,12.49,12.42
357,15.0,12.35,12.49,12.42
358,15.0,12.35,12.49,12.42
359,15.0,12.35,12.49,12.42
360,15.5,13.13,12.64,13.41
361,15.5,13.13,12.64,13.41
362,15.5,13.13,12.64,13.41
363,15.5,13.13,12.64,13.41
364,15.5,13.13,12.64,13.41
365,15.5,13.13,12.64,13.41
366,15.5,13.13,12.64,13.41
367,15.5,13.13,12.64,13.41
368,15.5,13.13,12.64,13.41
369,15.5,13.13,12.64,13.41
370,15.5,13.13,12.64,13.41
371,15.5,13.13,12.64,13.41
372,15.5,13.13,12.64,13.41
373,15.5,13.13,12.64,13.41
374,15.5,13.13,12.64,13.41
375,15.5,13.13,12.64,13.41
376,15.5,13.13,12.64,13.41
377,15.5,13.13,12.64,13.41
378,15.5,13.13,12.64,13.41
379,15.5,13.13,12.64,13.41
380,15.5,13.13,12.64,13.41
381,15.5,13.13,12.64,13.41
382,15.5,13.13,12.64,13.41
383,15.5,13.13,12.64,13.41
384,15.5,13.13,12.64,13.41
385,15.5,13.13,12.64,13.41
386,15.5,13.13,12.64,13.41
387,15.5,13.13,12.64,13.41
388,15.5,13.13,12.64,13.41
389,15.5,13.13,12.64,13.41
390,15.5,13.13,12.64,13.41
391,15.5,13.13,12.64,13.41
392,15.5,13.13,12.64,13.41
393,15.5,13.13,12.64,13.41
394,15.5,13.13,12.64,13.41
395,15.5,13.13,12.64,13.41
396,15.5,13.13,12.64,13.41
397,15.5,13.13,12.64,13.41
398,15.5,13.13,12.64,13.41
399,15.5,13.13,12.64,13.41
400,15.5,13.13,12.64,13.41
401,15.5,13.13,12.64,13.41
402,15.5,13.13,12.64,13.41
403,15.5,13.13,12.64,13.41
404,15.5,13.13,12.64,13.41
405,15.5,13.13,12.64,13.41
406,15.5,13.13,12.64,13.41
407,15.5,13.13,12.64,13.41
408,15.5,13.13,12.64,13.41
409,15.5,13.13,12.64,13.41
410,15.5,13.13,12.64,13.41
411,15.5,13.13,12.64,13.41
412,15.5,13.13,12.64,13.41
413,15.5,13.13,12.64,13.41
414,15.5,13.13,12.64,13.41
415,15.5,13.13,12.64,13.41
416,15.5,13.13,12.64,13.41
417,15.5,13.13,12.64,13.41
418,15.5,13.13,12.64,13.41
419,15.5,13.13,12.64,13.41
420,15.5,13.13,12.64,13.41
421,15.5,13.13,12.64,13.41
422,15.5,13.13,12.64,13.41
423,15.5,13.13,12.64,13.41
424,15.5,12.64,13.13,13.41
425,15.5,13.13,12.64,13.41
426,15.5,13.13,12.64,13.41
427,15.5,13.13,12.64,13.41
428,15.5,13.13,12.64,13.41
429,15.5,13.13,12.64,13.41
430,15.5,13.13,12.64,13.41
431,15.5,13.13,12.64,13.41
432,15.5,13.13,12.64,13.41
433,15.5,13.13,12.64,13.41
434,15.5,13.13,12.64,13.41
435,15.5,13.13,12.64,13.41
436,15.5,13.13,12.64,13.41
437,15.5,13.13,12.64,13.41
438,15.5,13.13,12.64,13.41
439,15.5,13.13,12.64,13.41
440,15.5,13.13,12.64,13.41
441,15.5,13.13,12.64,13.41
442,15.5,13.13,12.64,13.41
443,15.5,13.13,12.64,13.41
444,15.5,13.13,12.64,13.41
445,15.5,13.13,12.64,13.41
446,15.5,13.13,12.64,13.41
447,15.5,13.13,12.64,13.41
448,15.5,13.13,12.64,13.41
449,15.5,13.13,12.64,13.41
450,15.5,13.13,12.64,13.41
451,15.5,13.13,12.64,13.41
452,15.5,13.13,12.64,13.41
453,15.5,13.13,12.64,13.41
454,15.5,13.13,12.64,13.41
455,15.5,13.13,12.64,13.41
456,15.5,13.13,12.64,13.41
457,15.5,13.13,12.64,13.41
458,15.5,13.13,12.64,13.41
459,15.5,13.13,12.64,13.41
460,15.5,13.13,12.64,13.41
461,15.5,13.13,12.64,13.41
462,15.5,13.13,12.64,13.41
463,15.5,13.13,12.64,13.41
464,15.5,13.13,12.64,13.41
465,15.5,13.13,12.64,13.41
466,15.5,13.13,12.64,13.41
467,15.5,13.13,12.64,13.41
468,15.5,13.13,12.64,13.41
469,15.5,13.13,12.64,13.41
470,15.5,13.13,12.64,13.41
471,15.5,13.13,12.64,13.41
472,15.5,13.13,12.64,13.41
473,15.5,13.13,12.64,13.41
474,15.5,13.13,12.64,13.41
475,15.5,13.13,12.64,13.41
476,15.5,13.13,12.64,13.41
477,15.5,13.13,12.64,13.41
478,15.5,13.13,12.64,13.41
479,16.5,13.08,12.72,12.46
480,16.5,13.08,12.72,12.46
481,16.5,13.08,12.72,12.46
482,16.5,13.08,12.72,12.46
483,16.5,13.08,12.72,12.46
484,16.5,13.08,12.72,12.46
485,16.5,13.08,12.72,12.46
486,16.5,13.08,12.72,12.46
487,16.5,13.08,12.72,12.46
488,16.5,13.08,12.72,12.46
489,16.5,13.08,12.72,12.46
490,16.5,13.08,12.72,12.46
491,16.5,13.08,12.72,12.46
492,16.5,13.08,12.72,12.46
493,16.5,13.08,12.72,12.46
494,16.5,13.08,12.72,12.46
495,16.5,13.08,12.72,12.46
496,16.5,13.08,12.72,12.46
497,16.5,13.08,12.72,12.46
498,16.5,13.08,12.72,12.46
499,16.5,13.08,12.72,12.46
500,16.5,13.08,12.72,12.46
501,16.5,13.08,12.72,12.46
502,16.5,13.08,12.72,12.46
503,16.5,13.08,12.72,12.46
504,16.5,13.08,12.72,12.46
505,16.5,13.08,12.72,12.46
506,16.5,13.08,12.72,12.46
507,16.5,13.08,12.72,12.46
508,16.5,13.08,12.72,12.46
509,16.5,13.08,12.72,12.46
510,16.5,13.08,12.72,12.46
511,16.5,13.08,12.72,12.46
512,16.5,13.08,12.72,12.46
513,16.5,13.08,12.72,12.46
514,16.5,13.08,12.72,12.46
515,16.5,13.08,12.72,12.46
516,16.5,13.08,12.72,12.46
517,16.5,13.08,12.72,12.46
518,16.5,13.08,12.72,12.46
519,16.5,13.08,12.72,12.46
520,16.5,13.08,12.72,12.46
521,16.5,13.08,12.72,12.46
522,16.5,13.08,12.72,12.46
523,16.5,13.08,12.72,12.46
524,16.5,13.08,12.72,12.46
525,16.5,13.08,12.72,12.46
526,16.5,13.08,12.72,12.46
527,16.5,13.08,12.72,12.46
528,16.5,13.08,12.72,12.46
529,16.5,13.08,12.72,12.46
530,16.5,13.08,12.72,12.46
531,16.5,13.08,12.72,12.46
532,16.5,13.08,12.72,12.46
533,16.5,13.08,12.72,12.46
534,16.5,13.08,12.72,12.46
535,16.5,13.08,12.72,12.46
536,16.5,13.08,12.72,12.46
537,16.5,13.08,12.72,12.46
538,16.5,13.08,12.72,12.46
539,16.5,13.08,12.72,12.46
540,16.5,13.08,12.72,12.46
541,16.5,13.08,12.72,12.46
542,16.5,13.08,12.72,12.46
543,16.5,13.08,12.72,12.46
544,16.5,13.08,12.72,12.46
545,16.5,13.08,12.72,12.46
546,16.5,13.08,12.72,12.46
547,16.5,13.08,12.72,12.46
548,16.5,13.08,12.72,12.46
549,16.5,13.08,12.72,12.46
550,16.5,13.08,12.72,12.46
551,16.5,13.08,12.72,12.46
552,16.5,13.08,12.72,12.46
553,16.5,13.08,12.72,12.46
554,16.5,13.08,12.72,12.46
555,16.5,13.08,12.72,12.46
556,16.5,13.08,12.72,12.46
557,16.5,13.08,12.72,12.46
558,16.5,13.08,12.72,12.46
559,16.5,13.08,12.72,12.46
560,16.5,13.08,12.72,12.46
561,16.5,13.08,12.72,12.46
562,16.5,13.08,12.72,12.46
563,16.5,13.08,12.72,12.46
564,16.5,13.08,12.72,12.46
565,16.5,13.08,12.72,12.46
566,16.5,13.08,12.72,12.46
567,16.5,13.08,12.72,12.46
568,16.5,13.08,12.72,12.46
569,16.5,13.08,12.72,12.46
570,16.5,13.08,12.72,12.46
571,16.5,13.08,12.72,12.46
572,16.5,13.08,12.72,12.46
573,16.5,13.08,12.72,12.46
574,16.5,13.08,12.72,12.46
575,16.5,13.08,12.72,12.46
576,16.5,13.08,12.72,12.46
577,16.5,13.08,12.72,12.46
578,16.5,13.08,12.72,12.46
579,16.5,13.08,12.72,12.46
580,16.5,13.08,12.72,12.46
581,16.5,13.08,12.72,12.46
582,16.5,13.08,12.72,12.46
583,16.5,13.08,12.72,12.46
584,16.5,13.08,12.72,12.46
585,16.5,13.08,12.72,12.46
586,16.5,13.08,12.72,12.46
587,16.5,13.08,12.72,12.46
588,16.5,13.08,12.72,12.46
589,16.5,13.08,12.72,12.46
590,16.5,13.08,12.72,12.46
591,16.5,13.08,12.72,12.46
592,16.5,13.08,12.72,12.46
593,16.5,13.08,12.72,12.46
594,16.5,13.08,12.72,12.46
595,16.5,13.08,12.72,12.46
596,16.5,13.08,12.72,12.46
597,16.5,13.08,12.72,12.46
598,16.5,13.08,12.72,12.46
599,14.0,10.97,10.12,10.45
600,14.0,10.97,10.12,10.45
601,14.0,10.97,10.12,10.45
602,14.0,10.97,10.12,10.45
603,14.0,10.97,10.12,10.45
604,14.0,10.97,10.12,10.45
605,14.0,10.97,10.12,10.45
606,14.0,10.97,10.12,10.45
607,14.0,10.97,10.12,10.45
608,14.0,10.97,10.12,10.45
609,14.0,10.97,10.12,10.45
610,14.0,10.97,10.12,10.45
611,14.0,10.97,10.12,10.45
612,14.0,10.97,10.12,10.45
613,14.0,10.97,10.12,10.45
614,14.0,10.97,10.12,10.45
615,14.0,10.97,10.12,10.45
616,14.0,10.97,10.12,10.45
617,14.0,10.97,10.12,10.45
618,14.0,10.97,10.12,10.45
619,14.0,10.97,10.12,10.45
620,14.0,10.97,10.12,10.45
621,14.0,10.97,10.12,10.45
622,14.0,10.97,10.12,10.45
623,14.0,10.97,10.12,10.45
624,14.0,10.97,10.12,10.45
625,14.0,10.97,10.12,10.45
626,14.0,10.97,10.12,10.45
627,14.0,10.97,10.12,10.45
628,14.0,10.97,10.12,10.45
629,14.0,10.97,10.12,10.45
630,14.0,10.97,10.12,10.45
631,14.0,10.97,10.12,10.45
632,14.0,10.97,10.12,10.45
633,14.0,10.97,10.12,10.45
634,14.0,10.97,10.12,10.45
635,14.0,10.97,10.12,10.45
636,14.0,10.97,10.12,10.45
637,14.0,10.97,10.12,10.45
638,14.0,10.97,10.12,10.45
639,14.0,10.97,10.12,10.45
640,14.0,10.97,10.12,10.45
641,14.0,10.97,10.12,10.45
642,14.0,10.97,10.12,10.45
643,14.0,10.97,10.12,10.45
644,14.0,10.97,10.12,10.45
645,14.0,10.97,10.12,10.45
646,14.0,10.97,10.12,10.45
647,14.0,10.97,10.12,10.45
648,14.0,10.97,10.12,10.45
649,14.0,10.97,10.12,10.45
650,14.0,10.97,10.12,10.45
651,14.0,10.97,10.12,10.45
652,14.0,10.97,10.12,10.45
653,14.0,10.97,10.12,10.45
654,14.0,10.97,10.12,10.45
655,14.0,10.97,10.12,10.45
656,14.0,10.97,10.12,10.45
657,14.0,10.97,10.12,10.45
658,14.0,10.97,10.12,10.45
659,14.0,10.97,10.12,10.45
660,14.0,10.97,10.12,10.45
661,14.0,10.97,10.12,10.45
662,14.0,10.97,10.12,10.45
663,14.0,10.97,10.12,10.45
664,14.0,10.97,10.12,10.45
665,14.0,10.97,10.12,10.45
666,14.0,10.97,10.12,10.45
667,14.0,10.97,10.12,10.45
668,14.0,10.97,10.12,10.45
669,14.0,10.97,10.12,10.45
670,14.0,10.97,10.12,10.45
671,14.0,10.97,10.12,10.45
672,14.0,10.97,10.12,10.45
673,14.0,10.97,10.12,10.45
674,14.0,10.97,10.12,10.45
675,14.0,10.97,10.12,10.45
676,14.0,10.97,10.12,10.45
677,14.0,10.97,10.12,10.45
678,14.0,10.97,10.12,10.45
679,14.0,10.97,10.12,10.45
680,14.0,10.97,10.12,10.45
681,14.0,10.97,10.12,10.45
682,14.0,10.97,10.12,10.45
683,14.0,10.97,10.12,10.45
684,14.0,10.97,10.12,10.45
685,14.0,10.97,10.12,10.45
686,14.0,10.97,10.12,10.45
687,14.0,10.97,10.12,10.45
688,14.0,10.97,10.12,10.45
689,14.0,10.97,10.12,10.45
690,14.0,10.97,10.12,10.45
691,14.0,10.97,10.12,10.45
692,14.0,10.97,10.12,10.45
693,14.0,10.97,10.12,10.45
694,14.0,10.97,10.12,10.45
695,14.0,10.97,10.12,10.45
696,14.0,10.97,10.12,10.45
697,14.0,10.97,10.12,10.45
698,14.0,10.97,10.12,10.45
699,14.0,10.97,10.12,10.45
700,14.0,10.97,10.12,10.45
701,14.0,10.97,10.12,10.45
702,14.0,10.97,10.12,10.45
703,14.0,10.97,10.12,10.45
704,14.0,10.97,10.12,10.45
705,14.0,10.97,10.12,10.45
706,14.0,10.97,10.12,10.45
707,14.0,10.97,10.12,10.45
708,14.0,10.97,10.12,10.45
709,14.0,10.97,10.12,10.45
710,14.0,10.97,10.12,10.45
711,14.0,10.97,10.12,10.45
712,14.0,10.97,10.12,10.45
713,14.0,10.97,10.12,10.45
714,14.0,10.97,10.12,10.45
715,14.0,10.97,10.12,10.45
716,14.0,10.97,10.12,10.45
717,14.0,10.97,10.12,10.45
718,14.0,10.97,10.12,10.45
719,15.5,13.27,11.96,12.37
720,15.5,13.27,11.96,12.37
721,15.5,13.27,11.96,12.37
722,15.5,13.27,11.96,12.37
723,15.5,13.27,11.96,12.37
724,15.5,13.27,11.96,12.37
725,15.5,13.27,11.96,12.37
726,15.5,13.27,11.96,12.37
727,15.5,13.27,11.96,12.37
728,15.5,13.27,11.96,12.37
729,15.5,13.27,11.96,12.37
730,15.5,13.27,11.96,12.37
731,15.5,13.27,11.96,12.37
732,15.5,13.27,11.96,12.37
733,15.5,13.27,11.96,12.37
734,15.5,13.27,11.96,12.37
735,15.5,13.27,11.96,12.37
736,15.5,13.27,11.96,12.37
737,15.5,13.27,11.96,12.37
738,15.5,13.27,11.96,12.37
739,15.5,13.27,11.96,12.37
740,15.5,13.27,11.96,12.37
741,15.5,13.27,11.96,12.37
742,15.5,13.27,11.96,12.37
743,15.5,13.27,11.96,12.37
744,15.5,13.27,11.96,12.37
745,15.5,13.27,11.96,12.37
746,15.5,13.27,11.96,12.37
747,15.5,13.27,11.96,12.37
748,15.5,13.27,11.96,12.37
749,15.5,13.27,11.96,12.37
750,15.5,13.27,11.96,12.37
751,15.5,13.27,11.96,12.37
752,15.5,13.27,11.96,12.37
753,15.5,13.27,11.96,12.37
754,15.5,13.27,11.96,12.37
755,15.5,13.27,11.96,12.37
756,15.5,13.27,11.96,12.37
757,15.5,13.27,11.96,12.37
758,15.5,13.27,11.96,12.37
759,15.5,13.27,11.96,12.37
760,15.5,13.27,11.96,12.37
761,15.5,13.27,11.96,12.37
762,15.5,13.27,11.96,12.37
763,15.5,13.27,11.96,12.37
764,15.5,13.27,11.96,12.37
765,15.5,13.27,11.96,12.37
766,15.5,13.27,11.96,12.37
767,15.5,13.27,11.96,12.37
768,15.5,13.27,11.96,12.37
769,15.5,13.27,11.96,12.37
770,15.5,13.27,11.96,12.37
771,15.5,13.27,11.96,12.37
772,15.5,13.27,11.96,12.37
773,15.5,13.27,11.96,12.37
774,15.5,13.27,11.96,12.37
775,15.5,13.27,11.96,12.37
776,15.5,13.27,11.96,12.37
777,15.5,13.27,11.96,12.37
778,15.5,13.27,11.96,12.37
779,15.5,13.27,11.96,12.37
780,15.5,13.27,11.96,12.37
781,15.5,13.27,11.96,12.37
782,15.5,13.27,11.96,12.37
783,15.5,13.27,11.96,12.37
784,15.5,13.27,11.96,12.37
785,15.5,13.27,11.96,12.37
786,15.5,13.27,11.96,12.37
787,15.5,13.27,11.96,12.37
788,15.5,13.27,11.96,12.37
789,15.5,13.27,11.96,12.37
790,15.5,13.27,11.96,12.37
791,15.5,13.27,11.96,12.37
792,15.5,13.27,11.96,12.37
793,15.5,13.27,11.96,12.37
794,15.5,13.27,11.96,12.37
795,15.5,13.27,11.96,12.37
796,15.5,13.27,11.96,12.37
797,15.5,13.27,11.96,12.37
798,15.5,13.27,11.96,12.37
799,15.5,13.27,11.96,12.37
800,15.5,13.27,11.96,12.37
801,15.5,13.27,11.96,12.37
802,15.5,13.27,11.96,12.37
803,15.5,13.27,11.96,12.37
804,15.5,13.27,11.96,12.37
805,15.5,13.27,11.96,12.37
806,15.5,13.27,11.96,12.37
807,15.5,13.27,11.96,12.37
808,15.5,13.27,11.96,12.37
809,15.5,13.27,11.96,12.37
810,15.5,13.27,11.96,12.37
811,15.5,13.27,11.96,12.37
812,15.5,13.27,11.96,12.37
813,15.5,13.27,11.96,12.37
814,15.5,13.27,11.96,12.37
815,15.5,13.27,11.96,12.37
816,15.5,13.27,11.96,12.37
817,15.5,13.27,11.96,12.37
818,15.5,13.27,11.96,12.37
819,15.5,13.27,11.96,12.37
820,15.5,13.27,11.96,12.37
821,15.5,13.27,11.96,12.37
822,15.5,13.27,11.96,12.37
823,15.5,13.27,11.96,12.37
824,15.5,13.27,11.96,12.37
825,15.5,13.27,11.96,12.37
826,15.5,13.27,11.96,12.37
827,15.5,13.27,11.96,12.37
828,15.5,13.27,11.96,12.37
829,15.5,13.27,11.96,12.37
830,15.5,13.27,11.96,12.37
831,15.5,13.27,11.96,12.37
832,15.5,13.27,11.96,12.37
833,15.5,13.27,11.96,12.37
834,15.5,13.27,11.96,12.37
835,15.5,13.27,11.96,12.37
836,15.5,13.27,11.96,12.37
837,15.5,13.27,11.96,12.37
838,15.5,13.27,11.96,12.37
839,14.5,12.14,11.34,11.48
840,14.5,12.14,11.34,11.48
841,14.5,12.14,11.34,11.48
842,14.5,12.14,11.34,11.48
843,14.5,12.14,11.34,11.48
844,14.5,12.14,11.34,11.48
845,14.5,12.14,11.34,11.48
846,14.5,12.14,11.34,11.48
847,14.5,12.14,11.34,11.48
848,14.5,12.14,11.34,11.48
849,14.5,12.14,11.34,11.48
850,14.5,12.14,11.34,11.48
851,14.5,12.14,11.34,11.48
852,14.5,12.14,11.34,11.48
853,14.5,12.14,11.34,11.48
854,14.5,12.14,11.34,11.48
855,14.5,12.14,11.34,11.48
856,14.5,12.14,11.34,11.48
857,14.5,12.14,11.34,11.48
858,14.5,12.14,11.34,11.48
859,14.5,12.14,11.34,11.48
860,14.5,12.14,11.34,11.48
861,14.5,12.14,11.34,11.48
862,14.5,12.14,11.34,11.48
863,14.5,12.14,11.34,11.48
864,14.5,12.14,11.34,11.48
865,14.5,12.14,11.34,11.48
866,14.5,12.14,11.34,11.48
867,14.5,12.14,11.34,11.48
868,14.5,12.14,11.34,11.48
869,14.5,12.14,11.34,11.48
870,14.5,12.14,11.34,11.48
871,14.5,12.14,11.34,11.48
872,14.5,12.14,11.34,11.48
873,14.5,12.14,11.34,11.48
874,14.5,12.14,11.34,11.48
875,14.5,12.14,11.34,11.48
876,14.5,12.14,11.34,11.48
877,14.5,12.14,11.34,11.48
878,14.5,12.14,11.34,11.48
879,14.5,12.14,11.34,11.48
880,14.5,12.14,11.34,11.48
881,14.5,12.14,11.34,11.48
882,14.5,12.14,11.34,11.48
883,14.5,12.14,11.34,11.48
884,14.5,12.14,11.34,11.48
885,14.5,12.14,11.34,11.48
886,14.5,12.14,11.34,11.48
887,14.5,12.14,11.34,11.48
888,14.5,12.14,11.34,11.48
889,14.5,12.14,11.34,11.48
890,14.5,12.14,11.34,11.48
891,14.5,12.14,11.34,11.48
892,14.5,12.14,11.34,11.48
893,14.5,12.14,11.34,11.48
894,14.5,12.14,11.34,11.48
895,14.5,12.14,11.34,11.48
896,14.5,12.14,11.34,11.48
897,14.5,12.14,11.34,11.48
898,14.5,12.14,11.34,11.48
899,14.5,12.14,11.34,11.48
900,14.5,12.14,11.34,11.48
901,14.5,12.14,11.34,11.48
902,14.5,12.14,11.34,11.48
903,14.5,12.14,11.34,11.48
904,14.5,12.14,11.34,11.48
905,14.5,12.14,11.34,11.48
906,14.5,12.14,11.34,11.48
907,14.5,12.14,11.34,11.48
908,14.5,12.14,11.34,11.48
909,14.5,12.14,11.34,11.48
910,14.5,12.14,11.34,11.48
911,14.5,12.14,11.34,11.48
912,14.5,12.14,11.34,11.48
913,14.5,12.14,11.34,11.48
914,14.5,12.14,11.34,11.48
915,14.5,12.14,11.34,11.48
916,14.5,12.14,11.34,11.48
917,14.5,12.14,11.34,11.48
918,14.5,12.14,11.34,11.48
919,14.5,12.14,11.34,11.48
920,14.5,12.14,11.34,11.48
921,14.5,12.14,11.34,11.48
922,14.5,12.14,11.34,11.48
923,14.5,12.14,11.34,11.48
924,14.5,12.14,11.34,11.48
925,14.5,12.14,11.34,11.48
926,14.5,12.14,11.34,11.48
927,14.5,12.14,11.34,11.48
928,14.5,12.14,11.34,11.48
929,14.5,12.14,11.34,11.48
930,14.5,12.14,11.34,11.48
931,14.5,12.14,11.34,11.48
932,14.5,12.14,11.34,11.48
933,14.5,12.14,11.34,11.48
934,14.5,12.14,11.34,11.48
935,14.5,12.14,11.34,11.48
936,14.5,12.14,11.34,11.48
937,14.5,12.14,11.34,11.48
938,14.5,12.14,11.34,11.48
939,14.5,12.14,11.34,11.48
940,14.5,12.14,11.34,11.48
941,14.5,12.14,11.34,11.48
942,14.5,12.14,11.34,11.48
943,14.5,12.14,11.34,11.48
944,14.5,12.14,11.34,11.48
945,14.5,12.14,11.34,11.48
946,14.5,12.14,11.34,11.48
947,14.5,12.14,11.34,11.48
948,14.5,12.14,11.34,11.48
949,14.5,12.14,11.34,11.48
950,14.5,12.14,11.34,11.48
951,14.5,12.14,11.34,11.48
952,14.5,12.14,11.34,11.48
953,14.5,12.14,11.34,11.48
954,14.5,12.14,11.34,11.48
955,14.5,12.14,11.34,11.48
956,14.5,12.14,11.34,11.48
957,14.5,12.14,11.34,11.48
958,14.5,12.14,11.34,11.48
959,15.5,12.87,12.85,12.77
960,15.5,12.87,12.85,12.77
961,15.5,12.87,12.85,12.77
962,15.5,12.87,12.85,12.77
963,15.5,12.87,12.85,12.77
964,15.5,12.87,12.85,12.77
965,15.5,12.87,12.85,12.77
966,15.5,12.87,12.85,12.77
967,15.5,12.87,12.85,12.77
968,15.5,12.87,12.85,12.77
969,15.5,12.87,12.85,12.77
970,15.5,12.87,12.85,12.77
971,15.5,12.87,12.85,12.77
972,15.5,12.87,12.85,12.77
973,15.5,12.87,12.85,12.77
974,15.5,12.87,12.85,12.77
975,15.5,12.87,12.85,12.77
976,15.5,12.87,12.85,12.77
977,15.5,12.87,12.85,12.77
978,15.5,12.87,12.85,12.77
979,15.5,12.87,12.85,12.77
980,15.5,12.87,12.85,12.77
981,15.5,12.87,12.85,12.77
982,15.5,12.87,12.85,12.77
983,15.5,12.87,12.85,12.77
984,15.5,12.87,12.85,12.77
985,15.5,12.87,12.85,12.77
986,15.5,12.87,12.85,12.77
987,15.5,12.87,12.85,12.77
988,15.5,12.87,12.85,12.77
989,15.5,12.87,12.85,12.77
990,15.5,12.87,12.85,12.77
991,15.5,12.87,12.85,12.77
992,15.5,12.87,12.85,12.77
993,15.5,12.87,12.85,12.77
994,15.5,12.87,12.85,12.77
995,15.5,12.87,12.85,12.77
996,15.5,12.87,12.85,12.77
997,15.5,12.87,12.85,12.77
998,15.5,12.87,12.85,12.77
999,15.5,12.87,12.85,12.77
1000,15.5,12.87,12.85,12.77
1001,15.5,12.87,12.85,12.77
1002,15.5,12.87,12.85,12.77
1003,15.5,12.87,12.85,12.77
1004,15.5,12.87,12.85,12.77
1005,15.5,12.87,12.85,12.77
1006,15.5,12.87,12.85,12.77
1007,15.5,12.87,12.85,12.77
1008,15.5,12.87,12.85,12.77
1009,15.5,12.87,12.85,12.77
1010,15.5,12.87,12.85,12.77
1011,15.5,12.87,12.85,12.77
1012,15.5,12.87,12.85,12.77
1013,15.5,12.87,12.85,12.77
1014,15.5,12.87,12.85,12.77
1015,15.5,12.87,12.85,12.77
1016,15.5,12.87,12.85,12.77
1017,15.5,12.87,12.85,12.77
1018,15.5,12.87,12.85,12.77
1019,15.5,12.87,12.85,12.77
1020,15.5,12.87,12.85,12.77
1021,15.5,12.87,12.85,12.77
1022,15.5,12.87,12.85,12.77
1023,15.5,12.87,12.85,12.77
1024,15.5,12.87,12.85,12.77
1025,15.5,12.87,12.85,12.77
1026,15.5,12.87,12.85,12.77
1027,15.5,12.87,12.85,12.77
1028,15.5,12.87,12.85,12.77
1029,15.5,12.87,12.85,12.77
1030,15.5,12.87,12.85,12.77
1031,15.5,12.87,12.85,12.77
1032,15.5,12.87,12.85,12.77
1033,15.5,12.87,12.85,12.77
1034,15.5,12.87,12.85,12.77
1035,15.5,12.87,12.85,12.77
1036,15.5,12.87,12.85,12.77
1037,15.5,12.87,12.85,12.77
1038,15.5,12.87,12.85,12.77
1039,15.5,12.87,12.85,12.77
1040,15.5,12.87,12.85,12.77
1041,15.5,12.87,12.85,12.77
1042,15.5,12.87,12.85,12.77
1043,15.5,12.87,12.85,12.77
1044,15.5,12.87,12.85,12.77
1045,15.5,12.87,12.85,12.77
1046,15.5,12.87,12.85,12.77
1047,15.5,12.87,12.85,12.77
1048,15.5,12.87,12.85,12.77
1049,15.5,12.87,12.85,12.77
1050,15.5,12.87,12.85,12.77
1051,15.5,12.87,12.85,12.77
1052,15.5,12.87,12.85,12.77
1053,15.5,12.87,12.85,12.77
1054,15.5,12.87,12.85,12.77
1055,15.5,12.87,12.85,12.77
1056,15.5,12.87,12.85,12.77
1057,15.5,12.87,12.85,12.77
1058,15.5,12.87,12.85,12.77
1059,15.5,12.87,12.85,12.77
1060,15.5,12.87,12.85,12.77
1061,15.5,12.87,12.85,12.77
1062,15.5,12.87,12.85,12.77
1063,15.5,12.87,12.85,12.77
1064,15.5,12.87,12.85,12.77
1065,15.5,12.87,12.85,12.77
1066,15.5,12.87,12.85,12.77
1067,15.5,12.87,12.85,12.77
1068,15.5,12.87,12.85,12.77
1069,15.5,12.87,12.85,12.77
1070,15.5,12.87,12.85,12.77
1071,15.5,12.87,12.85,12.77
1072,15.5,12.87,12.85,12.77
1073,15.5,12.87,12.85,12.77
1074,15.5,12.87,12.85,12.77
1075,15.5,12.87,12.85,12.77
1076,15.5,12.87,12.85,12.77
1077,15.5,12.87,12.85,12.77
1078,15.5,12.87,12.85,12.77
1079,14.0,11.53,11.45,10.81
1080,14.0,11.53,11.45,10.81
1081,14.0,11.53,11.45,10.81
1082,14.0,11.53,11.45,10.81
1083,14.0,11.53,11.45,10.81
1084,14.0,11.53,11.45,10.81
1085,14.0,11.53,11.45,10.81
1086,14.0,11.53,11.45,10.81
1087,14.0,11.53,11.45,10.81
1088,14.0,11.53,11.45,10.81
1089,14.0,11.53,11.45,10.81
1090,14.0,11.53,11.45,10.81
1091,14.0,11.53,11.45,10.81
1092,14.0,11.53,11.45,10.81
1093,14.0,11.53,11.45,10.81
1094,14.0,11.53,11.45,10.81
1095,14.0,11.53,11.45,10.81
1096,14.0,11.53,11.45,10.81
1097,14.0,11.53,11.45,10.81
1098,14.0,11.53,11.45,10.81
1099,14.0,11.53,11.45,10.81
1100,14.0,11.53,11.45,10.81
1101,14.0,11.53,11.45,10.81
1102,14.0,11.53,11.45,10.81
1103,14.0,11.53,11.45,10.81
1104,14.0,11.53,11.45,10.81
1105,14.0,11.53,11.45,10.81
1106,14.0,11.53,11.45,10.81
1107,14.0,11.53,11.45,10.81
1108,14.0,11.53,11.45,10.81
1109,14.0,11.53,11.45,10.81
1110,14.0,11.53,11.45,10.81
1111,14.0,11.53,11.45,10.81
1112,14.0,11.53,11.45,10.81
1113,14.0,11.53,11.45,10.81
1114,14.0,11.53,11.45,10.81
1115,14.0,11.53,11.45,10.81
1116,14.0,11.53,11.45,10.81
1117,14.0,11.53,11.45,10.81
1118,14.0,11.53,11.45,10.81
1119,14.0,11.53,11.45,10.81
1120,14.0,11.53,11.45,10.81
1121,14.0,11.53,11.45,10.81
1122,14.0,11.53,11.45,10.81
1123,14.0,11.53,11.45,10.81
1124,14.0,11.53,11.45,10.81
1125,14.0,11.53,11.45,10.81
1126,14.0,11.53,11.45,10.81
1127,14.0,11.53,11.45,10.81
1128,14.0,11.53,11.45,10.81
1129,14.0,11.53,11.45,10.81
1130,14.0,11.53,11.45,10.81
1131,14.0,11.53,11.45,10.81
1132,14.0,11.53,11.45,10.81
1133,14.0,11.53,11.45,10.81
1134,14.0,11.53,11.45,10.81
1135,14.0,11.53,11.45,10.81
1136,14.0,11.53,11.45,10.81
1137,14.0,11.53,11.45,10.81
1138,14.0,11.53,11.45,10.81
1139,14.0,11.53,11.45,10.81
1140,14.0,11.53,11.45,10.81
1141,14.0,11.53,11.45,10.81
1142,14.0,11.53,11.45,10.81
1143,14.0,11.53,11.45,10.81
1144,14.0,11.53,11.45,10.81
1145,14.0,11.53,11.45,10.81
1146,14.0,11.53,11.45,10.81
1147,14.0,11.53,11.45,10.81
1148,14.0,11.53,11.45,10.81
1149,14.0,11.53,11.45,10.81
1150,14.0,11.53,11.45,10.81
1151,14.0,11.53,11.45,10.81
1152,14.0,11.53,11.45,10.81
1153,14.0,11.53,11.45,10.81
1154,14.0,11.53,11.45,10.81
1155,14.0,11.53,11.45,10.81
1156,14.0,11.53,11.45,10.81
1157,14.0,11.53,11.45,10.81
1158,14.0,11.53,11.45,10.81
1159,14.0,11.53,11.45,10.81
1160,14.0,11.53,11.45,10.81
1161,14.0,11.53,11.45,10.81
1162,14.0,11.53,11.45,10.81
1163,14.0,11.53,11.45,10.81
1164,14.0,11.53,11.45,10.81
1165,14.0,11.53,11.45,10.81
1166,14.0,11.53,11.45,10.81
1167,14.0,11.53,11.45,10.81
1168,14.0,11.53,11.45,10.81
1169,14.0,11.53,11.45,10.81
1170,14.0,11.53,11.45,10.81
1171,14.0,11.53,11.45,10.81
1172,14.0,11.53,11.45,10.81
1173,14.0,11.53,11.45,10.81
1174,14.0,11.53,11.45,10.81
1175,14.0,11.53,11.45,10.81
1176,14.0,11.53,11.45,10.81
1177,14.0,11.53,11.45,10.81
1178,14.0,11.53,11.45,10.81
1179,14.0,11.53,11.45,10.81
1180,14.0,11.53,11.45,10.81
1181,14.0,11.53,11.45,10.81
1182,14.0,11.53,11.45,10.81
1183,14.0,11.53,11.45,10.81
1184,14.0,11.53,11.45,10.81
1185,14.0,11.53,11.45,10.81
1186,14.0,11.53,11.45,10.81
1187,14.0,11.53,11.45,10.81
1188,14.0,11.53,11.45,10.81
1189,14.0,11.53,11.45,10.81
1190,14.0,11.53,11.45,10.81
1191,14.0,11.53,11.45,10.81
1192,14.0,11.53,11.45,10.81
1193,14.0,11.53,11.45,10.81
1194,14.0,11.53,11.45,10.81
1195,14.0,11.53,11.45,10.81
1196,14.0,11.53,11.45,10.81
1197,14.0,11.53,11.45,10.81
1198,14.0,11.53,11.45,10.81
1199,16.0,12.66,12.26,12.26
1200,16.0,12.66,12.26,12.26
1201,16.0,12.66,12.26,12.26
1202,16.0,12.66,12.26,12.26
1203,16.0,12.66,12.26,12.26
1204,16.0,12.66,12.26,12.26
1205,16.0,12.66,12.26,12.26
1206,16.0,12.66,12.26,12.26
1207,16.0,12.66,12.26,12.26
1208,16.0,12.66,12.26,12.26
1209,16.0,12.66,12.26,12.26
1210,16.0,12.66,12.26,12.26
1211,16.0,12.66,12.26,12.26
1212,16.0,12.66,12.26,12.26
1213,16.0,12.66,12.26,12.26
1214,16.0,12.66,12.26,12.26
1215,16.0,12.66,12.26,12.26
1216,16.0,12.66,12.26,12.26
1217,16.0,12.66,12.26,12.26
1218,16.0,12.66,12.26,12.26
1219,16.0,12.66,12.26,12.26
1220,16.0,12.66,12.26,12.26
1221,16.0,12.66,12.26,12.26
1222,16.0,12.66,12.26,12.26
1223,16.0,12.66,12.26,12.26
1224,16.0,12.66,12.26,12.26
1225,16.0,12.66,12.26,12.26
1226,16.0,12.66,12.26,12.26
1227,16.0,12.66,12.26,12.26
1228,16.0,12.66,12.26,12.26
1229,16.0,12.66,12.26,12.26
1230,16.0,12.66,12.26,12.26
1231,16.0,12.66,12.26,12.26
1232,16.0,12.66,12.26,12.26
1233,16.0,12.66,12.26,12.26
1234,16.0,12.66,12.26,12.26
1235,16.0,12.66,12.26,12.26
1236,16.0,12.66,12.26,12.26
1237,16.0,12.66,12.26,12.26
1238,16.0,12.66,12.26,12.26
1239,16.0,12.66,12.26,12.26
1240,16.0,12.66,12.26,12.26
1241,16.0,12.66,12.26,12.26
1242,16.0,12.66,12.26,12.26
1243,16.0,12.66,12.26,12.26
1244,16.0,12.66,12.26,12.26
1245,16.0,12.66,12.26,12.26
1246,16.0,12.66,12.26,12.26
1247,16.0,12.66,12.26,12.26
1248,16.0,12.66,12.26,12.26
1249,16.0,12.66,12.26,12.26
1250,16.0,12.66,12.26,12.26
1251,16.0,12.66,12.26,12.26
1252,16.0,12.66,12.26,12.26
1253,16.0,12.66,12.26,12.26
1254,16.0,12.66,12.26,12.26
1255,16.0,12.66,12.26,12.26
1256,16.0,12.66,12.26,12.26
1257,16.0,12.66,12.26,12.26
1258,16.0,12.66,12.26,12.26
1259,16.0,12.66,12.26,12.26
1260,16.0,12.66,12.26,12.26
1261,16.0,12.66,12.26,12.26
1262,16.0,12.66,12.26,12.26
1263,16.0,12.66,12.26,12.26
1264,16.0,12.66,12.26,12.26
1265,16.0,12.66,12.26,12.26
1266,16.0,12.66,12.26,12.26
1267,16.0,12.66,12.26,12.26
1268,16.0,12.66,12.26,12.26
1269,16.0,12.66,12.26,12.26
1270,16.0,12.66,12.26,12.26
1271,16.0,12.66,12.26,12.26
1272,16.0,12.66,12.26,12.26
1273,16.0,12.66,12.26,12.26
1274,16.0,12.66,12.26,12.26
1275,16.0,12.66,12.26,12.26
1276,16.0,12.66,12.26,12.26
1277,16.0,12.66,12.26,12.26
1278,16.0,12.66,12.26,12.26
1279,16.0,12.66,12.26,12.26
1280,16.0,12.66,12.26,12.26
1281,16.0,12.66,12.26,12.26
1282,16.0,12.66,12.26,12.26
1283,16.0,12.66,12.26,12.26
1284,16.0,12.66,12.26,12.26
1285,16.0,12.66,12.26,12.26
1286,16.0,12.66,12.26,12.26
1287,16.0,12.66,12.26,12.26
1288,16.0,12.66,12.26,12.26
1289,16.0,12.66,12.26,12.26
1290,16.0,12.66,12.26,12.26
1291,16.0,12.66,12.26,12.26
1292,16.0,12.66,12.26,12.26
1293,16.0,12.66,12.26,12.26
1294,16.0,12.66,12.26,12.26
1295,16.0,12.66,12.26,12.26
1296,16.0,12.66,12.26,12.26
1297,16.0,12.66,12.26,12.26
1298,16.0,12.66,12.26,12.26
1299,16.0,12.66,12.26,12.26
1300,16.0,12.66,12.26,12.26
1301,16.0,12.66,12.26,12.26
1302,16.0,12.66,12.26,12.26
1303,16.0,12.66,12.26,12.26
1304,16.0,12.66,12.26,12.26
1305,16.0,12.66,12.26,12.26
1306,16.0,12.66,12.26,12.26
1307,16.0,12.66,12.26,12.26
1308,16.0,12.66,12.26,12.26
1309,16.0,12.66,12.26,12.26
1310,16.0,12.66,12.26,12.26
1311,16.0,12.66,12.26,12.26
1312,16.0,12.66,12.26,12.26
1313,16.0,12.66,12.26,12.26
1314,16.0,12.66,12.26,12.26
1315,16.0,12.66,12.26,12.26
1316,16.0,12.66,12.26,12.26
1317,16.0,12.66,12.26,12.26
1318,16.0,12.66,12.26,12.26
1319,14.5,12.19,11.5,11.26
1320,14.5,12.19,11.5,11.26
1321,14.5,12.19,11.5,11.26
1322,14.5,12.19,11.5,11.26
1323,14.5,12.19,11.5,11.26
1324,14.5,12.19,11.5,11.26
1325,14.5,12.19,11.5,11.26
1326,14.5,12.19,11.5,11.26
1327,14.5,12.19,11.5,11.26
1328,14.5,12.19,11.5,11.26
1329,14.5,12.19,11.5,11.26
1330,14.5,12.19,11.5,11.26
1331,14.5,12.19,11.5,11.26
1332,14.5,12.19,11.5,11.26
1333,14.5,12.19,11.5,11.26
1334,14.5,12.19,11.5,11.26
1335,14.5,12.19,11.5,11.26
1336,14.5,12.19,11.5,11.26
1337,14.5,12.19,11.5,11.26
1338,14.5,12.19,11.5,11.26
1339,14.5,12.19,11.5,11.26
1340,14.5,12.19,11.5,11.26
1341,14.5,12.19,11.5,11.26
1342,14.5,12.19,11.5,11.26
1343,14.5,12.19,11.5,11.26
1344,14.5,12.19,11.5,11.26
1345,14.5,12.19,11.5,11.26
1346,14.5,12.19,11.5,11.26
1347,14.5,12.19,11.5,11.26
